{"cameraMode":{"drawMode":0,"name":"Shaded","section":"Shading Mode"},"sceneLighting":false,"audioPlay":false,"sceneViewState":{"m_AlwaysRefresh":false,"showFog":true,"showSkybox":true,"showFlares":true,"showImageEffects":true,"showParticleSystems":true,"showVisualEffectGraphs":true,"m_FxEnabled":true},"in2DMode":false,"pivot":{"x":-0.45538678765296938,"y":2.7038462162017824,"z":-9.836788177490235},"rotation":{"x":0.20940957963466645,"y":0.026607515290379525,"z":-0.0054979040287435059,"w":0.9776802062988281},"size":0.9299708604812622,"orthographic":false}